[
{
  "name":"java.lang.ClassLoader",
  "methods":[{"name":"getPlatformClassLoader","parameterTypes":[] }]
},
{
  "name":"java.lang.NoSuchMethodError"
},
{
  "name":"sun.management.VMManagementImpl",
  "fields":[
    {"name":"compTimeMonitoringSupport"}, 
    {"name":"currentThreadCpuTimeSupport"}, 
    {"name":"objectMonitorUsageSupport"}, 
    {"name":"otherThreadCpuTimeSupport"}, 
    {"name":"remoteDiagnosticCommandsSupport"}, 
    {"name":"synchronizerUsageSupport"}, 
    {"name":"threadAllocatedMemorySupport"}, 
    {"name":"threadContentionMonitoringSupport"}
  ]
}
]
