{
  "resources":{
  "includes":[
    {"pattern":"\\QMETA-INF/cxf/bus-extensions.txt\\E"}, 
    {"pattern":"\\QMETA-INF/io.netty.versions.properties\\E"}, 
    {"pattern":"\\QMETA-INF/services/javax.ws.rs.client.ClientBuilder\\E"}, 
    {"pattern":"\\QMETA-INF/services/javax.ws.rs.ext.RuntimeDelegate\\E"}, 
    {"pattern":"\\QMETA-INF/services/org.apache.cxf.bus.factory\\E"}, 
    {"pattern":"\\Qadd_customer.xml\\E"}, 
    {"pattern":"\\Qorg/apache/cxf/transport/http/ReferencingAuthenticator.class\\E"}, 
    {"pattern":"\\Qorg/apache/cxf/version/version.properties\\E"}, 
    {"pattern":"\\Qorg/slf4j/impl/StaticLoggerBinder.class\\E"}, 
    {"pattern":"\\Qupdate_customer.xml\\E"}
  ]},
  "bundles":[
    {"name":"org.apache.cxf.Messages"}, 
    {"name":"org.apache.cxf.bus.extension.Messages"}, 
    {"name":"org.apache.cxf.bus.managers.Messages"}, 
    {"name":"org.apache.cxf.common.annotation.Messages"}, 
    {"name":"org.apache.cxf.common.injection.Messages"}, 
    {"name":"org.apache.cxf.common.util.Messages"}, 
    {"name":"org.apache.cxf.endpoint.Messages"}, 
    {"name":"org.apache.cxf.interceptor.Messages"}, 
    {"name":"org.apache.cxf.jaxrs.Messages"}, 
    {"name":"org.apache.cxf.jaxrs.client.Messages"}, 
    {"name":"org.apache.cxf.jaxrs.impl.Messages"}, 
    {"name":"org.apache.cxf.jaxrs.interceptor.Messages"}, 
    {"name":"org.apache.cxf.jaxrs.provider.Messages"}, 
    {"name":"org.apache.cxf.jaxrs.utils.Messages"}, 
    {"name":"org.apache.cxf.resource.Messages"}, 
    {"name":"org.apache.cxf.service.factory.Messages"}, 
    {"name":"org.apache.cxf.service.model.Messages"}, 
    {"name":"org.apache.cxf.transport.http.Messages"}, 
    {"name":"org.apache.cxf.transport.https.Messages"}
  ]
}
